Time,Latitude,Longitude,Altitude (m)
2025-09-06 14:58:31,47.64150602452184,-122.14009860242565,121.71351623535156
2025-09-06 14:58:32,47.64150737513239,-122.14009623390322,121.70652770996094
2025-09-06 14:58:32,47.64150881723283,-122.14009371783473,121.70711517333984
2025-09-06 14:58:34,47.6415249712806,-122.140069507496,121.64520263671875
2025-09-06 14:58:36,47.64153450416132,-122.14005348160892,121.59413146972656
2025-09-06 14:58:37,47.6415438747615,-122.14003772407322,121.5391845703125
2025-09-06 14:58:37,47.64154544392085,-122.14003500051875,121.52928161621094
2025-09-06 14:58:38,47.64154674539923,-122.14003275961336,121.53338623046875
2025-09-06 14:58:38,47.64154793573283,-122.14003085711671,121.54644012451172
2025-09-06 14:58:38,47.64154896351826,-122.14002956252178,121.5511474609375
2025-09-06 14:58:38,47.641549696390456,-122.14002908491007,121.54705810546875
2025-09-06 14:58:39,47.64155033077858,-122.14002924461916,121.53849792480469
2025-09-06 14:58:39,47.641550776783426,-122.14002991505082,121.53060150146484
2025-09-06 14:58:39,47.64155113344739,-122.14003110946754,121.52403259277344
2025-09-06 14:58:39,47.64155133286337,-122.14003250439912,121.52066802978516
2025-09-06 14:58:41,47.64155328709041,-122.14003638912615,121.6463394165039
2025-09-06 14:58:41,47.641554577118534,-122.14003445599128,121.64168548583984
2025-09-06 14:58:41,47.641555707960215,-122.14003270876306,121.63516235351562
2025-09-06 14:58:42,47.64155836931383,-122.14003035022806,121.6385498046875
2025-09-06 14:58:42,47.64155869815209,-122.14003085363895,121.63551330566406
2025-09-06 14:58:43,47.641561753954065,-122.14003185037934,121.71698760986328
2025-09-06 14:58:44,47.64156325485536,-122.14002958683068,121.7099609375
2025-09-06 14:58:44,47.64156464391691,-122.14002745009662,121.7077407836914
2025-09-06 14:58:44,47.64156563906543,-122.14002609411214,121.71387481689453
2025-09-06 14:58:44,47.64156639827823,-122.14002538725214,121.71480560302734
2025-09-06 14:58:46,47.64157079854794,-122.14002365674304,121.75567626953125
2025-09-06 14:58:46,47.641572111117,-122.14002169988665,121.75252532958984
2025-09-06 14:58:48,47.64157961678868,-122.14001051882688,121.72358703613281
2025-09-06 14:58:48,47.641581365950884,-122.14000755076567,121.71240234375
2025-09-06 14:58:48,47.641582913769014,-122.14000496402427,121.71976470947266
2025-09-06 14:58:48,47.641584190587416,-122.14000315333642,121.72946166992188
2025-09-06 14:58:49,47.64158513403252,-122.14000241107831,121.72697448730469
2025-09-06 14:58:49,47.641585878467964,-122.14000266396846,121.7181167602539
2025-09-06 14:58:49,47.64158633628429,-122.14000357866269,121.71094512939453
2025-09-06 14:58:51,47.641589274862476,-122.14000678658347,121.8102798461914
2025-09-06 14:58:51,47.641590740399096,-122.14000462690105,121.8042984008789
2025-09-06 14:58:52,47.641597670489084,-122.13999468952467,121.78781127929688
2025-09-06 14:58:53,47.641599374662924,-122.13999180845029,121.77725982666016
2025-09-06 14:58:54,47.64160679834085,-122.1399807027184,121.76351928710938
2025-09-06 14:58:54,47.64160867455795,-122.13997752667693,121.75210571289062
2025-09-06 14:58:55,47.64161043205612,-122.139974605179,121.76124572753906
2025-09-06 14:58:55,47.64161148010014,-122.13997314732946,121.76859283447266
2025-09-06 14:58:59,47.641633775229465,-122.13993988385505,121.66478729248047
2025-09-06 14:58:59,47.64163587170984,-122.13993600757553,121.65568542480469
2025-09-06 14:58:59,47.641637616468984,-122.13993292064005,121.67489624023438
2025-09-06 14:58:59,47.64163901460368,-122.13993097034037,121.68321228027344
2025-09-06 14:59:00,47.64163998641402,-122.13993039159851,121.67550659179688
2025-09-06 14:59:00,47.64164073226544,-122.139930827856,121.66317749023438
2025-09-06 14:59:00,47.64164132326358,-122.13993218702254,121.65217590332031
2025-09-06 14:59:01,47.64164167169573,-122.13993403928468,121.64659118652344
2025-09-06 14:59:01,47.64164180329355,-122.13993624584684,121.64523315429688
2025-09-06 14:59:01,47.64164169095237,-122.1399386195079,121.64676666259766
2025-09-06 14:59:01,47.641641274287835,-122.13994117565021,121.64989471435547
2025-09-06 14:59:02,47.64164060666712,-122.13994340064413,121.6529312133789
2025-09-06 14:59:02,47.64163959936676,-122.13994550044939,121.65557861328125
2025-09-06 14:59:02,47.641638427946816,-122.139947075305,121.65723419189453
2025-09-06 14:59:03,47.641637075973264,-122.1399482155753,121.65819549560547
2025-09-06 14:59:03,47.64163560182333,-122.13994887290505,121.65866088867188
2025-09-06 14:59:03,47.64163419066437,-122.13994902868765,121.6588363647461
2025-09-06 14:59:03,47.641632789282745,-122.139948748742,121.65888977050781
2025-09-06 14:59:04,47.641631454546165,-122.1399480479425,121.6589126586914
2025-09-06 14:59:04,47.64163014730756,-122.13994684998737,121.65895080566406
2025-09-06 14:59:05,47.641629531771905,-122.13993365737312,121.6873550415039
2025-09-06 14:59:06,47.64163109122558,-122.13992978921866,121.67628479003906
2025-09-06 14:59:06,47.641632499084494,-122.13992670977252,121.6875228881836
2025-09-06 14:59:06,47.64163365652236,-122.1399248589761,121.69290924072266
2025-09-06 14:59:07,47.641634509451116,-122.13992440042426,121.6866455078125
2025-09-06 14:59:07,47.64163516493178,-122.13992488417419,121.6785659790039
2025-09-06 14:59:08,47.641639195215525,-122.13992732003334,121.75883483886719
2025-09-06 14:59:09,47.64164085567861,-122.13992493834402,121.75174713134766
2025-09-06 14:59:09,47.64164234881529,-122.13992271494531,121.7512435913086
2025-09-06 14:59:09,47.641643606797146,-122.13992116945734,121.75739288330078
2025-09-06 14:59:09,47.64164451695389,-122.13992078794324,121.75430297851562
2025-09-06 14:59:10,47.641645108876986,-122.13992149712192,121.74852752685547
2025-09-06 14:59:10,47.64164542419975,-122.1399228809117,121.74534606933594
2025-09-06 14:59:11,47.64164542854646,-122.13992603589311,121.7465591430664
2025-09-06 14:59:11,47.64164515191407,-122.13992780677988,121.74905395507812
2025-09-06 14:59:11,47.641644586311806,-122.139929756315,121.75218963623047
2025-09-06 14:59:12,47.641643829914734,-122.13993135967462,121.75470733642578
2025-09-06 14:59:12,47.64164287908615,-122.13993265592354,121.7565689086914
2025-09-06 14:59:12,47.64164169188288,-122.13993362353696,121.75785064697266
2025-09-06 14:59:12,47.64164039583233,-122.13993410084865,121.75859069824219
2025-09-06 14:59:13,47.64163915673427,-122.13993408242591,121.75897216796875
2025-09-06 14:59:13,47.64163795817177,-122.13993362190358,121.75920867919922
2025-09-06 14:59:15,47.64163686177949,-122.13992397626437,121.80284881591797
2025-09-06 14:59:15,47.64163846717293,-122.13992008333493,121.79220581054688
2025-09-06 14:59:15,47.64164004132828,-122.13991674518164,121.80162048339844
2025-09-06 14:59:15,47.64164114860619,-122.13991508831269,121.80574035644531
2025-09-06 14:59:16,47.64164184925077,-122.1399148164333,121.89651489257812
2025-09-06 14:59:16,47.64164248831617,-122.13991561998486,121.85118865966797
2025-09-06 14:59:17,47.64164300628831,-122.13991727994188,121.82041931152344
2025-09-06 14:59:17,47.64164329145493,-122.1399193141,121.80663299560547
2025-09-06 14:59:17,47.64164332911435,-122.13992157013433,121.80113983154297
2025-09-06 14:59:17,47.641643051522856,-122.13992399552704,121.79975128173828
2025-09-06 14:59:18,47.64164247715506,-122.13992610918991,121.80001068115234
2025-09-06 14:59:18,47.641641611929394,-122.13992792531204,121.80049896240234
2025-09-06 14:59:21,47.64164592589732,-122.13991293097264,121.86196899414062
2025-09-06 14:59:21,47.64164851272334,-122.13990810363043,121.85175323486328
2025-09-06 14:59:21,47.641650444261025,-122.13990480159518,121.87236022949219
2025-09-06 14:59:22,47.641651730153605,-122.13990335281629,121.87330627441406
2025-09-06 14:59:22,47.641652770138094,-122.13990344406322,121.85990905761719
2025-09-06 14:59:24,47.641656772752974,-122.13990651957897,121.9385986328125
2025-09-06 14:59:24,47.64165880023844,-122.13990364227888,121.92818450927734
2025-09-06 14:59:25,47.64166127499594,-122.13990046205373,121.9365463256836
2025-09-06 14:59:25,47.641662116294306,-122.13990028695585,121.93270111083984
2025-09-06 14:59:25,47.64166266960292,-122.13990122704585,121.92704010009766
2025-09-06 14:59:27,47.64166518645051,-122.13990346697973,122.02223205566406
2025-09-06 14:59:27,47.641667101349555,-122.13990044476682,122.01163482666016
2025-09-06 14:59:27,47.64166886542508,-122.13989778393618,122.01824951171875
2025-09-06 14:59:28,47.641669918770184,-122.13989683030842,122.01904296875
2025-09-06 14:59:28,47.64167070158962,-122.13989718792843,122.0130615234375
2025-09-06 14:59:29,47.64167112280814,-122.13989845871198,122.00899505615234
2025-09-06 14:59:29,47.64167129677867,-122.13990068484546,122.00860595703125
2025-09-06 14:59:29,47.64167112208081,-122.13990296720468,122.0112533569336
2025-09-06 14:59:30,47.64167057066683,-122.13990534914419,122.01505279541016
2025-09-06 14:59:30,47.64166976877656,-122.13990721796293,122.01801300048828
2025-09-06 14:59:33,47.64167477618391,-122.13989215512684,122.07704162597656
2025-09-06 14:59:34,47.6416843059691,-122.13987621613144,122.04367065429688
2025-09-06 14:59:35,47.64168695338452,-122.13987168099544,122.0338134765625
2025-09-06 14:59:35,47.64168875084162,-122.13986888469279,122.05039978027344
2025-09-06 14:59:35,47.64169005802353,-122.1398677428712,122.04827880859375
2025-09-06 14:59:36,47.64169098415384,-122.13986831256672,122.0356674194336
2025-09-06 14:59:36,47.64169168764091,-122.13987163543099,122.02459716796875
2025-09-06 14:59:37,47.64169164398926,-122.13987437725235,122.02538299560547
2025-09-06 14:59:37,47.641691155929536,-122.1398773633138,122.02913665771484
2025-09-06 14:59:37,47.64169013580059,-122.13988021862903,122.03329467773438
2025-09-06 14:59:38,47.64168891041389,-122.13988214997005,122.03579711914062
2025-09-06 14:59:38,47.64168732162168,-122.13988355978893,122.03730773925781
2025-09-06 14:59:39,47.641685553355615,-122.13988420554792,122.03797149658203
2025-09-06 14:59:39,47.6416837464553,-122.13988404701392,122.0382080078125
2025-09-06 14:59:39,47.6416820497203,-122.13988310916336,122.0383071899414
2025-09-06 14:59:40,47.64168053135739,-122.13988136427744,122.03842163085938
2025-09-06 14:59:40,47.641679439835094,-122.13987901415155,122.03857421875
2025-09-06 14:59:40,47.64167889448213,-122.13987644166565,122.03874206542969
2025-09-06 14:59:41,47.641678900461514,-122.13987343387973,122.03890991210938
2025-09-06 14:59:41,47.64167945580265,-122.13987087407934,122.03901672363281
2025-09-06 14:59:42,47.641680556284996,-122.1398685472685,122.03907775878906
2025-09-06 14:59:42,47.64168208066042,-122.13986682911968,122.03911590576172
2025-09-06 14:59:43,47.64168515676183,-122.13986572092097,122.03915405273438
2025-09-06 14:59:43,47.64168703749665,-122.13986620824294,122.03917694091797
2025-09-06 14:59:43,47.64168872625584,-122.13986751744983,122.03917694091797
2025-09-06 14:59:44,47.64169018435599,-122.13986978109317,122.03916931152344
2025-09-06 14:59:44,47.64169098507325,-122.1398723330177,122.03917694091797
2025-09-06 14:59:44,47.64169121250038,-122.139875433858,122.03919219970703
2025-09-06 14:59:45,47.64169080143025,-122.13987817212764,122.0392074584961
2025-09-06 14:59:46,47.64168909227627,-122.13987941660652,122.16581726074219
2025-09-06 14:59:47,47.64169089493024,-122.1398757711066,122.15373229980469
2025-09-06 14:59:47,47.641692371013065,-122.13987323670955,122.16118621826172
2025-09-06 14:59:48,47.641693436040704,-122.13987243076038,122.15956115722656
2025-09-06 14:59:48,47.64169416310868,-122.13987321266129,122.15365600585938
2025-09-06 14:59:48,47.64169460918627,-122.1398751862562,122.15135955810547
2025-09-06 14:59:49,47.64169467872016,-122.13987763015405,122.15350341796875
2025-09-06 14:59:49,47.641694312011644,-122.1398803211094,122.15770721435547
2025-09-06 14:59:50,47.64169288852658,-122.13988374513832,122.16295623779297
2025-09-06 14:59:50,47.64169161328705,-122.13988510215844,122.16464233398438
2025-09-06 14:59:51,47.64168997615134,-122.13988581051179,122.16556549072266
2025-09-06 14:59:53,47.6416949507062,-122.13986413710963,122.17444610595703
2025-09-06 14:59:54,47.64169800279678,-122.1398586389806,122.16717529296875
2025-09-06 14:59:54,47.641700119620296,-122.13985537047088,122.18730163574219
2025-09-06 14:59:55,47.641701550711446,-122.13985461201072,122.17735290527344
2025-09-06 14:59:55,47.64170244076808,-122.13985605049832,122.16105651855469
2025-09-06 14:59:57,47.64170448345503,-122.13986282131967,122.28314971923828
2025-09-06 14:59:57,47.64170680725018,-122.13985937182458,122.2730712890625
2025-09-06 14:59:58,47.641708627352386,-122.13985696512744,122.28060913085938
2025-09-06 15:00:02,47.6417304653518,-122.13982654197142,122.2035140991211
2025-09-06 15:00:02,47.641733684269006,-122.13982094192197,122.20318603515625
2025-09-06 15:00:03,47.64173675186988,-122.13981722376292,122.21633911132812
2025-09-06 15:00:03,47.64173782572051,-122.13981811935226,122.19721984863281
2025-09-06 15:00:04,47.64173840464752,-122.13982088434614,122.18482971191406
2025-09-06 15:00:04,47.64173837786303,-122.13982458776371,122.18392944335938
2025-09-06 15:00:05,47.64173766446346,-122.13982841396484,122.18866729736328
2025-09-06 15:00:05,47.64173633900092,-122.1398315862716,122.19332122802734
2025-09-06 15:00:05,47.64173457900819,-122.13983379939833,122.19602966308594
2025-09-06 15:00:06,47.64173132485979,-122.1398351918936,122.1973648071289
2025-09-06 15:00:06,47.64172903203558,-122.13983463855308,122.19744110107422
2025-09-06 15:00:07,47.641726833489365,-122.13983270956662,122.19745635986328
2025-09-06 15:00:07,47.6417253889051,-122.13983000169043,122.19758605957031
2025-09-06 15:00:08,47.64172463657757,-122.13982655728947,122.19780731201172
2025-09-06 15:00:08,47.64172522596072,-122.13982100645066,122.1980972290039
2025-09-06 15:00:09,47.64172664738671,-122.13981810231799,122.19818115234375
2025-09-06 15:00:10,47.64173565198007,-122.13981062165963,122.18956756591797
2025-09-06 15:00:11,47.6417389325194,-122.13980598325253,122.18086242675781
2025-09-06 15:00:11,47.641741097067495,-122.13980327299174,122.19625854492188
2025-09-06 15:00:12,47.64174246503089,-122.13980304100409,122.18600463867188
2025-09-06 15:00:12,47.64174308414832,-122.13980476198427,122.17433166503906
2025-09-06 15:00:13,47.641743178920045,-122.13980772179858,122.17072296142578
2025-09-06 15:00:13,47.641742678374605,-122.13981107566703,122.17388153076172
2025-09-06 15:00:14,47.64174150282722,-122.13981430401985,122.17899322509766
2025-09-06 15:00:14,47.64173983281126,-122.13981661672535,122.18251037597656
2025-09-06 15:00:15,47.64173645724248,-122.13981803922569,122.18463134765625
2025-09-06 15:00:15,47.641734356241095,-122.13981734348454,122.18488311767578
2025-09-06 15:00:16,47.64173249776857,-122.13981544927141,122.18502044677734
2025-09-06 15:00:16,47.641731252657976,-122.13981265415178,122.18521118164062
2025-09-06 15:00:17,47.641730806421904,-122.13980968096337,122.1854248046875
2025-09-06 15:00:17,47.64173113360237,-122.13980637933575,122.18563079833984
2025-09-06 15:00:17,47.641732266160865,-122.13980351028398,122.18574523925781
2025-09-06 15:00:18,47.64173403627475,-122.13980148735315,122.18580627441406
2025-09-06 15:00:18,47.641736182576636,-122.13980059851811,122.18583679199219
2025-09-06 15:00:19,47.641738389970236,-122.13980096440243,122.18586730957031
2025-09-06 15:00:19,47.64174025773944,-122.13980242973967,122.18587493896484
2025-09-06 15:00:20,47.641742170805244,-122.13980654818586,122.18587493896484
2025-09-06 15:00:20,47.64174240770439,-122.13980992347257,122.1858901977539
2025-09-06 15:00:21,47.64174178218658,-122.13981302371207,122.18589782714844
2025-09-06 15:00:21,47.64174049530319,-122.1398154426946,122.18589782714844
2025-09-06 15:00:22,47.641738712355995,-122.13981700859974,122.18589782714844
2025-09-06 15:00:22,47.64173647774062,-122.13981750848708,122.18590545654297
2025-09-06 15:00:23,47.64173438754646,-122.13981673669763,122.18590545654297
2025-09-06 15:00:23,47.641732588686104,-122.13981475755173,122.18589782714844
2025-09-06 15:00:24,47.641731496560936,-122.13981203878392,122.1858901977539
2025-09-06 15:00:24,47.641731178281,-122.13980892278842,122.18589782714844
2025-09-06 15:00:25,47.64173226494566,-122.13980439628655,122.1859130859375
2025-09-06 15:00:25,47.64173390837198,-122.13980222775827,122.1859130859375
2025-09-06 15:00:26,47.641735987478626,-122.13980119621904,122.1859130859375
2025-09-06 15:00:26,47.64173816387344,-122.13980145813377,122.18592071533203
2025-09-06 15:00:27,47.641740012206256,-122.13980287120702,122.18592071533203
2025-09-06 15:00:27,47.64174144653225,-122.13980544967944,122.1859130859375
2025-09-06 15:00:28,47.64174203712558,-122.13980865824644,122.1859130859375
2025-09-06 15:00:28,47.64174175243624,-122.13981166728159,122.18592071533203
2025-09-06 15:00:29,47.641740724743165,-122.13981428211967,122.18592071533203
2025-09-06 15:00:29,47.641739111662204,-122.13981611863463,122.1859130859375
2025-09-06 15:00:30,47.64173568795518,-122.13981676453443,122.18592071533203
2025-09-06 15:00:31,47.64173376285597,-122.13981552053919,122.18592071533203
2025-09-06 15:00:31,47.64173224111034,-122.13981302971582,122.18590545654297
2025-09-06 15:00:32,47.64173158241277,-122.13980969674652,122.1859130859375
2025-09-06 15:00:32,47.64173195325192,-122.13980641842038,122.18592071533203
2025-09-06 15:00:33,47.641733163264455,-122.13980379548407,122.18592071533203
2025-09-06 15:00:33,47.64173498690207,-122.13980215198175,122.18592071533203
2025-09-06 15:00:34,47.6417372724843,-122.13980179649879,122.18592834472656
2025-09-06 15:00:34,47.6417393404129,-122.13980290154466,122.18592834472656
2025-09-06 15:00:35,47.64174131051621,-122.13980647623018,122.1859130859375
2025-09-06 15:00:35,47.6417416314889,-122.13980939664825,122.18592071533203
2025-09-06 15:00:36,47.64174106853409,-122.13981248069278,122.18592834472656
2025-09-06 15:00:37,47.64173967415962,-122.13981489556393,122.18592071533203
2025-09-06 15:00:37,47.64173789289258,-122.1398161293545,122.18592071533203
2025-09-06 15:00:37,47.641735937176364,-122.13981621536598,122.18592071533203
2025-09-06 15:00:38,47.64173405846366,-122.13981508143226,122.18592071533203
2025-09-06 15:00:39,47.6417326293195,-122.13981280408146,122.1859130859375
2025-09-06 15:00:39,47.64173200364582,-122.13980985543976,122.1859130859375
2025-09-06 15:00:40,47.64173265549265,-122.13980570309003,122.18592071533203
2025-09-06 15:00:40,47.64173400802759,-122.1398035671051,122.18592071533203
2025-09-06 15:00:41,47.64173582672635,-122.13980245794575,122.18592071533203
2025-09-06 15:00:41,47.64173778131095,-122.13980256172437,122.18592834472656
2025-09-06 15:00:42,47.64173952091715,-122.13980384625756,122.18592071533203
2025-09-06 15:00:42,47.64174070013481,-122.13980596250256,122.1859130859375
2025-09-06 15:00:43,47.64174121485164,-122.13980870340886,122.1859130859375
2025-09-06 15:00:43,47.64174085711776,-122.1398117166327,122.18592071533203
2025-09-06 15:00:44,47.64173944960361,-122.13981437992989,122.18592071533203
2025-09-06 15:00:45,47.6417365662017,-122.13981570495525,122.1859130859375
2025-09-06 15:00:45,47.641734832395834,-122.13981504477368,122.1859130859375
2025-09-06 15:00:46,47.64173333039733,-122.13981324797913,122.1859130859375
2025-09-06 15:00:46,47.64173250473587,-122.13981068399663,122.18590545654297
2025-09-06 15:00:47,47.641732490917974,-122.13980797199889,122.1859130859375
2025-09-06 15:00:47,47.64173332731926,-122.1398053327945,122.1859130859375
2025-09-06 15:00:48,47.64173479504894,-122.13980358809162,122.1859130859375
2025-09-06 15:00:48,47.64173661628811,-122.13980295679745,122.1859130859375
2025-09-06 15:00:49,47.64173931041404,-122.1398043724032,122.1859130859375
2025-09-06 15:00:50,47.64174052150609,-122.13980682855524,122.18590545654297
2025-09-06 15:00:50,47.64174078543977,-122.13980982184898,122.18590545654297
2025-09-06 15:00:51,47.64174000877162,-122.13981270112815,122.18590545654297
2025-09-06 15:00:52,47.641738382224524,-122.13981461595058,122.18590545654297
2025-09-06 15:00:52,47.64173665658778,-122.13981511058027,122.18590545654297
2025-09-06 15:00:53,47.6417366768817,-122.13981509938611,122.18588256835938
2025-09-06 15:00:53,47.641736670791765,-122.13981508402931,122.18582153320312
2025-09-06 15:00:54,47.64173666338091,-122.13981507451062,122.18578338623047
2025-09-06 15:00:55,47.641736143575386,-122.13981429019672,122.18399810791016
2025-09-06 15:00:55,47.641735701240464,-122.13981359193161,122.18366241455078
2025-09-06 15:00:57,47.64173762977832,-122.1398066851868,122.21835327148438
2025-09-06 15:00:58,47.64174051551509,-122.13980046895875,122.21282958984375
2025-09-06 15:01:00,47.64174676763157,-122.13979538150215,122.246337890625
2025-09-06 15:01:05,47.641780588067185,-122.13973301288262,122.02947998046875
2025-09-06 15:01:06,47.64178465032777,-122.13972519327645,122.0457534790039
2025-09-06 15:01:07,47.64178765252726,-122.13972424254418,122.02251434326172
2025-09-06 15:01:07,47.64178859038804,-122.13972821243031,122.01115417480469
2025-09-06 15:01:08,47.64178842068018,-122.13973363044313,122.01495361328125
2025-09-06 15:01:08,47.641786699847536,-122.13973892810114,122.02104187011719
2025-09-06 15:01:09,47.64178348504325,-122.13974234261028,122.02359008789062
2025-09-06 15:01:10,47.64178017869133,-122.13974292333027,122.02400970458984
2025-09-06 15:01:10,47.64177702744354,-122.13974125602964,122.02411651611328
2025-09-06 15:01:11,47.64177669138251,-122.13974090546394,122.02483367919922
2025-09-06 15:01:12,47.64177673022004,-122.13974081936394,122.03059387207031
2025-09-06 15:01:12,47.641776743703076,-122.1397407083883,122.0329818725586
2025-09-06 15:01:13,47.641776801203775,-122.13974035903837,122.04173278808594
2025-09-06 15:01:14,47.641776853902165,-122.13974025352007,122.04817199707031
2025-09-06 15:01:14,47.64177687458928,-122.13973987596903,122.04827880859375
2025-09-06 15:01:15,47.64177696684634,-122.1397398422093,122.059814453125
2025-09-06 15:01:15,47.64177701329973,-122.13973945904833,122.05967712402344
2025-09-06 15:01:16,47.6417771467615,-122.13973921742459,122.0711898803711
2025-09-06 15:01:17,47.64177722567203,-122.1397390369745,122.07555389404297
2025-09-06 15:01:17,47.64177724745805,-122.13973891457607,122.07431030273438
2025-09-06 15:01:18,47.641777311512776,-122.13973872313493,122.07505798339844
2025-09-06 15:01:19,47.64177736311349,-122.13973860439161,122.07617950439453
2025-09-06 15:01:19,47.641777419517545,-122.1397385088994,122.07816314697266
2025-09-06 15:01:20,47.641777462129404,-122.13973844747161,122.07984161376953
2025-09-06 15:01:21,47.64177753712888,-122.13973823465744,122.0776138305664
2025-09-06 15:01:21,47.64177755057812,-122.13973827070178,122.08026885986328
2025-09-06 15:01:22,47.641777588146496,-122.13973815926876,122.07844543457031
2025-09-06 15:01:23,47.64177760166436,-122.13973820160818,122.08179473876953
2025-09-06 15:01:24,47.64177897318849,-122.13973205793235,122.12041473388672
2025-09-06 15:01:25,47.64178094704427,-122.13972476392874,122.11519622802734
2025-09-06 15:01:27,47.64178645087234,-122.13971544862567,122.13845825195312
2025-09-06 15:01:27,47.64178891013632,-122.13970845622042,122.13440704345703
2025-09-06 15:01:28,47.64179127955938,-122.13970533131408,122.13017272949219
2025-09-06 15:01:29,47.6417927271093,-122.13970672382811,122.12586975097656
2025-09-06 15:01:29,47.64179381019561,-122.13970925123253,122.12752532958984
2025-09-06 15:01:30,47.64179452137336,-122.13971292809713,122.1309814453125
2025-09-06 15:01:31,47.641794477266025,-122.13971663725576,122.13341522216797
2025-09-06 15:01:31,47.6417936688152,-122.13972019554254,122.1347885131836
2025-09-06 15:01:32,47.64179137878697,-122.13972417819939,122.13560485839844
2025-09-06 15:01:33,47.64178905811205,-122.13972597347701,122.13584899902344
2025-09-06 15:01:33,47.64178633556769,-122.13972659645636,122.13597869873047
2025-09-06 15:01:34,47.64178375574518,-122.13972594493988,122.13603210449219
2025-09-06 15:01:35,47.64178139687016,-122.13972412462313,122.13605499267578
2025-09-06 15:01:39,47.6417889627642,-122.1396732007594,122.01819610595703
2025-09-06 15:01:39,47.64179164711855,-122.1396639709664,122.02897644042969
2025-09-06 15:01:40,47.64179415566042,-122.13965980183833,122.01849365234375
2025-09-06 15:01:41,47.64179601207446,-122.1396609621402,122.00477600097656
2025-09-06 15:01:41,47.64179752776913,-122.1396637317976,122.00309753417969
2025-09-06 15:01:42,47.64179871338023,-122.1396680275527,122.00590515136719
2025-09-06 15:01:43,47.64179900914514,-122.13967238337324,122.00849151611328
2025-09-06 15:01:43,47.641798284004615,-122.13967733565977,122.01019287109375
2025-09-06 15:01:44,47.64179643293264,-122.13968167093951,122.01091003417969
2025-09-06 15:01:45,47.641792506145336,-122.13968556563482,122.01124572753906
2025-09-06 15:01:45,47.64178872214092,-122.13968648977325,122.01133728027344
2025-09-06 15:01:46,47.641785223924906,-122.13968545848245,122.01136016845703
2025-09-06 15:01:47,47.641782019937764,-122.13968257486955,122.01134490966797
2025-09-06 15:01:47,47.64177976476932,-122.13967845163037,122.01133728027344
2025-09-06 15:01:48,47.64177847842143,-122.13967301571162,122.01134490966797
2025-09-06 15:01:49,47.64177937635273,-122.13967047560016,122.0334701538086
2025-09-06 15:01:50,47.64178038245568,-122.13966621703648,122.01651763916016
2025-09-06 15:01:50,47.64178216418861,-122.1396620046131,122.0135498046875
2025-09-06 15:01:51,47.64178452112152,-122.1396588499562,122.01306915283203
2025-09-06 15:01:52,47.64178730370115,-122.1396569312069,122.01265716552734
2025-09-06 15:01:52,47.64179036930419,-122.13965634802156,122.01221466064453
2025-09-06 15:01:53,47.64179355509932,-122.13965724909728,122.01184844970703
2025-09-06 15:01:54,47.6417973798831,-122.13966089074977,122.01156616210938
2025-09-06 15:01:54,47.64179944398481,-122.13966528193738,122.01148223876953
2025-09-06 15:01:55,47.641800413897506,-122.13967053855356,122.01144409179688
2025-09-06 15:01:56,47.64180016253615,-122.13967589488689,122.01140594482422
2025-09-06 15:01:56,47.64179872307601,-122.13968092581737,122.01134490966797
2025-09-06 15:01:57,47.64179611129755,-122.13968517957281,122.01129150390625
2025-09-06 15:01:58,47.6417914978065,-122.13968840481525,122.01126098632812
2025-09-06 15:01:58,47.6417877165444,-122.13968874762548,122.01123046875
2025-09-06 15:01:59,47.64178387104742,-122.13968720369694,122.01116943359375
2025-09-06 15:02:00,47.641780616384004,-122.13968396822146,122.01109313964844
2025-09-06 15:02:00,47.641778043953536,-122.13967893286255,122.01106262207031
2025-09-06 15:02:01,47.641777571907475,-122.1396758044369,122.11940002441406
2025-09-06 15:02:02,47.64177781184322,-122.13966931681735,122.03166198730469
2025-09-06 15:02:02,47.64177895823188,-122.13966394143915,122.0175552368164
2025-09-06 15:02:03,47.641781146766974,-122.1396589862463,122.01407623291016
2025-09-06 15:02:04,47.64178427795564,-122.1396552789369,122.01280212402344
2025-09-06 15:02:04,47.6417880898485,-122.13965327356959,122.01204681396484
2025-09-06 15:02:05,47.641792064204566,-122.13965321032637,122.01158905029297
2025-09-06 15:02:06,47.641797431670504,-122.13965643014404,122.01122283935547
2025-09-06 15:02:06,47.64180062835896,-122.13966125496867,122.0111083984375
2025-09-06 15:02:07,47.641802492341796,-122.13966734287918,122.01107025146484
2025-09-06 15:02:08,47.64180288603423,-122.1396736992068,122.01103973388672
2025-09-06 15:02:10,47.64180008614705,-122.13968215172879,122.17921447753906
2025-09-06 15:02:10,47.64180164853142,-122.13967561074476,122.17195129394531
2025-09-06 15:02:11,47.64180338834486,-122.13967287374983,122.171630859375
2025-09-06 15:02:12,47.64180478261113,-122.13967392622952,122.17183685302734
2025-09-06 15:02:13,47.64180601243849,-122.13967634341839,122.17552185058594
2025-09-06 15:02:13,47.641806798479735,-122.13967991489127,122.17940521240234
2025-09-06 15:02:14,47.64180668987214,-122.13968366573073,122.18158721923828
2025-09-06 15:02:15,47.64180564400159,-122.13968714152526,122.18260192871094
2025-09-06 15:02:16,47.641802893575445,-122.1396905311334,122.18313598632812
2025-09-07 13:27:44,47.64150627140692,-122.14010023415162,121.94425964355469
2025-09-07 13:27:55,47.64160378692223,-122.13993481483409,121.70240020751953
2025-09-07 13:27:58,47.64162842382505,-122.13989656190364,121.73371887207031
2025-09-07 13:28:00,47.641641782980784,-122.13987642533444,121.79362487792969
2025-09-07 13:28:02,47.64165454277618,-122.13986039119634,121.88568878173828
2025-09-07 13:28:04,47.64166685992484,-122.13984323498714,121.9580078125
2025-09-07 13:28:06,47.64167890979919,-122.13982531920362,122.01911926269531
2025-09-07 13:28:08,47.64169086507945,-122.13980733002997,122.08139038085938
2025-09-07 13:28:10,47.641702900364514,-122.13978890953585,122.14401245117188
2025-09-07 13:28:14,47.64173603877762,-122.13972864053378,122.13300323486328
2025-09-07 13:28:17,47.64174947564797,-122.13970922355138,122.22848510742188
2025-09-07 13:28:18,47.64176120271591,-122.13969086398912,122.2936019897461
2025-09-07 13:28:28,47.64183502422684,-122.13953604788456,122.10413360595703
2025-09-07 13:28:32,47.6418572451573,-122.13949234460569,122.1285400390625
2025-09-07 13:28:34,47.641868912832656,-122.13947084255501,122.19068145751953
2025-09-07 13:28:36,47.641880872351855,-122.139451700788,122.27710723876953
2025-09-07 13:28:38,47.64189193247965,-122.13943172101703,122.3377685546875
2025-09-07 13:28:40,47.64190303830189,-122.13941152410902,122.40445709228516
2025-09-07 13:28:42,47.64191410222866,-122.13939135064793,122.4732894897461
2025-09-07 13:30:14,47.64255416037348,-122.13793851267954,120.80138397216797
2025-09-07 13:30:17,47.642571379330946,-122.13788993025274,120.81568908691406
2025-09-07 13:30:20,47.64258201972079,-122.13786525932748,120.89885711669922
2025-09-07 13:30:28,47.64262789063049,-122.1377167514679,120.73434448242188
2025-09-07 13:30:30,47.642637181425194,-122.13769024905169,120.79137420654297
2025-09-07 13:30:32,47.64264616114576,-122.13766600985309,120.85009765625
2025-09-07 13:30:34,47.6426547190065,-122.13764233337207,120.9065933227539
2025-09-07 13:30:36,47.64266392311293,-122.137618856072,120.98381805419922
2025-09-07 13:30:38,47.64267214061972,-122.13759536012084,121.03783416748047
2025-09-07 18:04:28,47.64155257618481,-122.14005792648558,122.6243667602539
2025-09-07 18:04:33,47.6415524283414,-122.14006549713298,122.83751678466797
2025-09-07 18:04:37,47.64156297784025,-122.14006467689148,123.09134674072266
2025-09-07 18:04:56,47.6416653612208,-122.1399182103045,123.67386627197266
2025-09-07 18:04:59,47.641669069861365,-122.13993123941665,123.6545639038086
2025-09-07 18:05:04,47.641660757188504,-122.13990471455664,123.7651596069336
2025-09-07 18:05:07,47.641664160912775,-122.1399203353697,123.72593688964844
2025-09-07 18:05:09,47.641649262424664,-122.13992075812058,123.7297134399414
2025-09-07 18:05:12,47.641656650133314,-122.13990048489467,123.73017883300781
2025-09-07 18:05:15,47.64166351182061,-122.13992300642336,123.73018646240234
2025-09-07 18:05:18,47.64164761282235,-122.13991563478145,123.73017883300781
2025-09-07 18:05:21,47.64166118381866,-122.1399016110235,123.73026275634766
2025-09-07 18:05:24,47.64166140640207,-122.13992594080891,123.73023223876953
2025-09-07 18:05:27,47.6416485732406,-122.13990694379453,123.7303237915039
2025-09-07 18:05:31,47.641665872752256,-122.13991758798394,123.73039245605469
2025-09-07 18:05:34,47.641650504102685,-122.13992416565847,123.73040008544922
2025-09-07 18:05:36,47.64165557017854,-122.13990012230093,123.73047637939453
2025-09-07 18:05:39,47.64166472291723,-122.13992083404591,123.73055267333984
2025-09-07 18:05:43,47.64164778117027,-122.13991206483543,123.73060607910156
2025-09-07 18:05:46,47.641665589705546,-122.13991202969525,123.73064422607422
2025-09-07 18:05:50,47.641649080737274,-122.13991961064809,123.73069763183594
2025-09-07 18:05:53,47.641659678327585,-122.13990211572556,123.73085021972656
2025-09-07 18:05:56,47.64165960524778,-122.1399251566789,123.73084259033203
2025-09-07 18:06:00,47.64165668501293,-122.13990232560899,123.73092651367188
2025-09-07 18:06:04,47.64165683703512,-122.13992474832644,123.73095703125
2025-09-07 18:06:08,47.64165924365064,-122.13990420542623,123.73099517822266
2025-09-07 18:06:17,47.64168724866311,-122.13987754994402,124.0918960571289
2025-09-07 18:06:20,47.641687338468586,-122.13989164628897,124.0704116821289
2025-09-07 18:06:23,47.641676598874454,-122.13988014018169,124.07420349121094
2025-09-07 18:06:26,47.641689025306825,-122.13987938001343,124.07447814941406
2025-09-07 18:06:30,47.64167812680897,-122.13988884265878,124.07449340820312
2025-09-07 18:06:33,47.64168623735941,-122.13987621669483,124.07450866699219
2025-09-07 18:06:36,47.64168204601789,-122.13989134560171,124.0744857788086
2025-09-07 18:06:40,47.64168140355636,-122.13987623916023,124.07447814941406
2025-09-07 18:06:44,47.641684887853955,-122.13988995171782,124.07444763183594
2025-09-07 18:06:47,47.641681588726264,-122.13987727476938,124.07442474365234
2025-09-07 18:06:51,47.64168612085583,-122.13988755025511,124.07440185546875
2025-09-07 18:06:53,47.641679223319706,-122.13988286589402,124.07437133789062
2025-09-07 18:06:58,47.64168609189538,-122.13988614496373,124.07434844970703
2025-09-07 18:07:01,47.641680115992635,-122.13988140206415,124.07432556152344
2025-09-07 18:07:05,47.64168589919433,-122.13988496743688,124.07430267333984
2025-09-07 18:07:08,47.641680300394235,-122.13988394551286,124.07428741455078
2025-09-07 18:07:11,47.64168527340093,-122.13988134040576,124.07427215576172
2025-09-07 18:07:15,47.64168137872329,-122.13988594210069,124.07425689697266
2025-09-07 18:07:18,47.64168375881416,-122.13988026259145,124.07424926757812
2025-09-07 18:07:21,47.64168225800269,-122.13988619859347,124.07422637939453
2025-09-07 18:07:25,47.64168328260198,-122.13988063014314,124.07421875
2025-09-07 18:07:29,47.641682493929686,-122.13988582629646,124.07421112060547
2025-09-07 18:07:33,47.64168311807278,-122.1398810541454,124.07420349121094
2025-09-07 18:07:39,47.64169123381861,-122.13986983680279,124.22349548339844
2025-09-07 18:07:43,47.641683839364575,-122.13988577540138,124.19882202148438
2025-09-07 18:07:50,47.64170353520486,-122.13986250387968,124.37260437011719
2025-09-07 18:07:53,47.641696735194444,-122.13987824809473,124.34976959228516
2025-09-07 18:07:57,47.64169876039307,-122.1398607793441,124.35044860839844
2025-09-07 18:08:01,47.64169626592392,-122.13987623089204,124.35043334960938
2025-09-07 18:08:03,47.64169300149184,-122.13986749093151,124.35038757324219
2025-09-07 18:08:07,47.64170023003186,-122.13987398882011,124.35028076171875
2025-09-07 18:08:12,47.641697056377865,-122.13986366113748,124.35021209716797
2025-09-07 18:08:16,47.641697718659444,-122.13987385483597,124.35014343261719
2025-09-07 18:08:20,47.64169920074808,-122.13986545104908,124.35009002685547
2025-09-07 18:08:24,47.64169605048469,-122.1398718333502,124.35004425048828
2025-09-07 18:08:28,47.641699676880926,-122.13986758526846,124.35000610351562
2025-09-07 18:08:31,47.641695908113995,-122.13987017034334,124.34998321533203
2025-09-07 18:08:36,47.64169939747031,-122.13986925497899,124.34996032714844
2025-09-07 18:08:39,47.64169618394094,-122.13986913308149,124.34994506835938
2025-09-07 18:08:43,47.641699005246934,-122.13986946292063,124.34993743896484
2025-09-07 18:08:46,47.64169652109907,-122.13986938681033,124.34992218017578
2025-09-07 18:08:50,47.64169871735513,-122.13986850110086,124.34992218017578
2025-09-07 18:08:53,47.6416967590163,-122.13986914714053,124.34990692138672
2025-09-07 18:08:58,47.641698516133104,-122.13986927932649,124.34990692138672
2025-09-07 18:09:01,47.641696982729144,-122.13986878162078,124.34989929199219
2025-09-07 18:09:05,47.64169834391745,-122.13986923051552,124.34989929199219
2025-09-07 18:09:09,47.64169727744519,-122.13986846171424,124.34989929199219
2025-09-07 18:09:13,47.64169801959262,-122.13986960824518,124.34989166259766
2025-09-07 18:09:23,47.64173544718354,-122.13982626056817,124.6422119140625
2025-09-07 18:09:27,47.64172949805217,-122.13984303408186,124.61576843261719
2025-09-08 07:00:01,47.641533985625,-122.14007423962181,122.35826873779297
2025-09-08 07:00:12,47.64159173547609,-122.14000265533438,122.7823715209961
2025-09-08 07:00:18,47.641613492108704,-122.13998571682764,123.0828628540039
2025-09-08 07:00:22,47.641621589258435,-122.13998919025688,123.3492431640625
2025-09-08 07:00:26,47.641630677100665,-122.13998892604467,123.5897445678711
2025-09-08 07:00:36,47.64167439960865,-122.13993818394992,123.99617767333984
2025-09-08 07:00:40,47.64168487716464,-122.13993905641146,124.25791931152344
2025-09-08 07:00:44,47.64169376637011,-122.13993915392925,124.4947509765625
2025-09-08 07:00:49,47.64170090334996,-122.13994066438718,124.7439956665039
2025-09-08 07:00:53,47.64170931479937,-122.13994187371827,124.9804916381836
2025-09-08 07:00:57,47.641718722327475,-122.13994045925651,125.22096252441406
2025-09-08 07:01:02,47.64172281588915,-122.1399453969982,125.46842193603516
2025-09-08 07:01:13,47.64176415903477,-122.13989938194672,125.92893981933594
2025-09-08 07:01:17,47.64177212067218,-122.13990247585701,126.18282318115234
2025-09-08 07:01:21,47.64178154346472,-122.13990165276725,126.41970825195312
2025-09-08 07:01:25,47.64178893741488,-122.13990274254553,126.67044830322266
2025-09-08 07:01:31,47.64180576792553,-122.13988942772876,126.96800994873047
2025-09-08 07:02:00,47.64197130332009,-122.13965510253121,127.74151611328125
2025-09-08 10:04:04,47.64155951841512,-122.14004793659467,122.62248992919922
2025-09-08 10:04:14,47.64160307024207,-122.13999322711115,122.95681762695312
2025-09-08 10:04:19,47.64161373449506,-122.13999316686166,123.22016906738281
2025-09-08 10:04:34,47.64167641457093,-122.1399168256815,123.87188720703125
2025-09-08 10:04:38,47.641683831933705,-122.13992110209514,124.12950134277344
2025-09-08 10:04:43,47.64169293515964,-122.13992078893466,124.3756103515625
2025-09-08 10:04:48,47.641697847476735,-122.13992365846968,124.61602020263672
2025-09-08 10:04:53,47.641701855947154,-122.13992543368713,124.85198211669922
2025-09-08 10:04:58,47.64170653511357,-122.13992766275373,125.08489990234375
2025-09-08 10:05:05,47.64172038247695,-122.13991390069637,125.3496322631836
2025-09-08 10:05:10,47.64172706058322,-122.13991451433967,125.60600280761719
2025-09-08 10:05:16,47.64172724233818,-122.13991934909295,125.826416015625
2025-09-08 10:05:21,47.641733085034325,-122.13992203914019,126.0749740600586
2025-09-08 10:05:25,47.64173984418289,-122.13992502987375,126.32926177978516
2025-09-08 10:05:30,47.64174720479882,-122.13992363389713,126.56021881103516
2025-09-08 10:05:36,47.64174508925193,-122.13992684390479,126.7588119506836
2025-09-08 10:05:42,47.64174721810378,-122.1399292916353,126.98918914794922
2025-09-08 10:05:47,47.64174857222066,-122.13993296268876,127.20391082763672
2025-09-08 10:05:52,47.6417537114159,-122.13993383070597,127.45527648925781
2025-09-08 10:05:57,47.64175731062575,-122.13993641321537,127.6885986328125
2025-09-08 10:06:02,47.64176128675267,-122.13993671290623,127.91825103759766
2025-09-08 10:06:08,47.64175991851969,-122.13993357019254,128.06936645507812
2025-09-08 10:06:13,47.64176363550944,-122.13993453203197,128.30313110351562
2025-09-08 10:06:18,47.64176429976414,-122.13993582863826,128.51425170898438
2025-09-08 10:06:23,47.6417661971573,-122.13993391814138,128.70501708984375
2025-09-08 10:06:28,47.641767414136915,-122.13993697773928,128.93540954589844
2025-09-08 10:06:33,47.641769837666345,-122.13993762008498,129.15408325195312
2025-09-08 10:07:31,47.64199120001683,-122.13958003188567,131.8481903076172
2025-09-08 13:28:38,47.641603516064016,-122.13993251184114,121.64131164550781
2025-09-08 13:28:40,47.64161425537888,-122.13991784578911,121.71653747558594
2025-09-08 13:28:42,47.64162664798402,-122.13990121572344,121.80308532714844
2025-09-08 13:28:46,47.64164978556833,-122.13986744283389,121.88383483886719
2025-09-08 13:28:48,47.64166284285082,-122.13984865902647,121.97085571289062
2025-09-08 13:28:50,47.64167508372733,-122.13983144963535,122.05391693115234
2025-09-08 13:28:52,47.64168712574344,-122.13981400392001,122.13623046875
2025-09-08 13:28:56,47.64169078974918,-122.13977343254466,122.47003173828125
2025-09-08 13:29:06,47.64176327622157,-122.13961868856946,122.28607940673828
2025-09-08 13:29:08,47.641775944653574,-122.13959694462167,122.36096954345703
2025-09-08 13:29:10,47.641787703075686,-122.13957808172754,122.43778228759766
2025-09-08 13:29:12,47.64180001542642,-122.13956111155234,122.54782104492188
2025-09-08 13:29:14,47.6418111989937,-122.13954306233651,122.62862396240234
2025-09-08 13:29:16,47.641822666769656,-122.13952385928688,122.7101821899414
2025-09-08 13:29:18,47.64183379796747,-122.13950454271881,122.78559875488281
2025-09-08 13:29:20,47.64184576521503,-122.13948620476323,122.88960266113281
2025-09-08 13:29:22,47.641856528852315,-122.13946722923482,122.96586608886719
2025-09-08 13:29:24,47.64186749140314,-122.1394468939118,123.04025268554688
2025-09-08 13:29:27,47.64187892381755,-122.13942696242471,123.1312026977539
2025-09-08 13:29:29,47.64189018369514,-122.13940839863743,123.23040008544922
2025-09-08 13:29:31,47.64190055845026,-122.13938844181544,123.3039321899414
2025-09-08 13:29:33,47.64191107876794,-122.13936731120732,123.37629699707031
2025-09-08 13:30:22,47.64228040733651,-122.13870285363319,122.82260131835938
2025-09-08 13:30:24,47.6422919157229,-122.13867835467849,122.91348266601562
2025-09-08 13:30:27,47.64230206021344,-122.13865695183095,122.99649810791016
2025-09-08 13:30:38,47.64236400525535,-122.13845874997064,122.72057342529297
2025-09-08 13:30:44,47.64239566750663,-122.13835791763812,122.63268280029297
2025-09-08 13:30:54,47.64245855597141,-122.13821746116105,122.91897583007812
2025-09-08 13:31:09,47.64253677201699,-122.13793267414334,122.48821258544922
2025-09-08 13:31:17,47.642578781819125,-122.13777686694989,122.3175277709961
2025-09-08 13:31:20,47.64258836657546,-122.13774995904086,122.39765167236328
2025-09-08 13:31:22,47.642596578950396,-122.13772601132263,122.46082305908203
2025-09-08 13:31:24,47.642605260655955,-122.13770146940006,122.53929901123047
2025-09-08 13:31:26,47.64261391280856,-122.13767823402276,122.6243667602539
2025-09-08 13:31:29,47.64262322232849,-122.1376554031274,122.72492218017578
2025-09-08 13:31:31,47.642631265814195,-122.13763164384257,122.80158996582031
2025-09-08 13:31:33,47.64263897428983,-122.13760743578132,122.87235260009766
2025-09-08 13:31:35,47.64264686744735,-122.13758172113171,122.94418334960938
2025-09-08 13:32:04,47.642692267914704,-122.13736606338891,122.69694519042969
2025-09-08 13:32:06,47.64269018640252,-122.13736466496172,122.70369720458984
2025-09-08 13:32:08,47.642684969376994,-122.1373614131038,122.76041412353516
2025-09-08 13:32:11,47.642677440822375,-122.13735673462105,122.85871887207031
2025-09-08 13:32:13,47.64266890744126,-122.13735330386837,122.99044799804688
2025-09-08 13:32:16,47.642656832584166,-122.13734701875825,123.12309265136719
2025-09-08 13:32:18,47.64264423332533,-122.13733994272144,123.25069427490234
2025-09-08 13:32:20,47.64263095017881,-122.13733131851507,123.35934448242188
2025-09-08 13:32:22,47.64261839951894,-122.1373250734523,123.50654602050781
2025-09-08 13:32:24,47.64260519692888,-122.13731642265033,123.6202621459961
2025-09-08 13:32:26,47.64259239819886,-122.13730959845401,123.76609802246094
2025-09-08 13:32:30,47.64257518340932,-122.1372983906451,123.915771484375
2025-09-08 14:26:35,47.641484594088205,-122.14014161858357,122.135498046875
2025-09-08 14:26:50,47.64155354329757,-122.1400747383434,122.91720581054688
2025-09-08 14:27:04,47.64160453051167,-122.1400105267782,123.45048522949219
2025-09-08 14:27:17,47.641640064032394,-122.13995767171895,123.85989379882812
2025-09-08 14:27:24,47.641634838039025,-122.13995985737823,124.0260009765625
2025-09-08 14:27:29,47.64163745696787,-122.13996160820717,124.25846862792969
2025-09-08 14:27:37,47.64163535994318,-122.13995049645638,124.36787414550781
2025-09-08 14:27:46,47.641642681222564,-122.13993666368079,124.61771392822266
2025-09-08 14:27:57,47.641663394441466,-122.13990612633171,124.99565887451172
2025-09-08 14:28:04,47.641660042874996,-122.13990304775169,125.14209747314453
2025-09-08 14:28:10,47.64165633651809,-122.13990083022327,125.29181671142578
2025-09-08 14:28:19,47.641666331777365,-122.13988320669718,125.5624008178711
2025-09-08 14:28:26,47.6416626134193,-122.13987666968318,125.67911529541016
2025-09-08 14:28:32,47.64165726122874,-122.13987441254237,125.80908203125
2025-09-08 14:28:40,47.64165458989506,-122.1398641442183,125.90859985351562
2025-09-08 14:28:48,47.64166257803436,-122.13984480200119,126.11599731445312
2025-09-08 14:28:55,47.641659826366876,-122.13984266671497,126.28131103515625
2025-09-08 14:29:01,47.64165795150737,-122.13984042273277,126.4462890625
2025-09-08 14:29:09,47.6416562328649,-122.13982788948748,126.53460693359375
2025-09-08 14:29:16,47.641650995870606,-122.13982019305917,126.59439849853516
2025-09-08 14:29:24,47.64164925314129,-122.1398077865807,126.68437194824219
2025-09-08 14:29:31,47.64164666280159,-122.13979566488159,126.74153900146484
2025-09-08 14:29:41,47.641656621543504,-122.13976865953187,126.89679718017578
2025-09-08 14:29:47,47.641650843467936,-122.13976544228773,127.01004028320312
2025-09-08 14:29:54,47.64164943067139,-122.13975920327015,127.15229797363281
2025-09-08 14:30:01,47.64164673682243,-122.13974909497168,127.22802734375
2025-09-08 14:30:09,47.6416434779708,-122.13973995380451,127.30902862548828
2025-09-08 14:30:18,47.641655069218764,-122.13971745753688,127.5325698852539
2025-09-08 14:30:27,47.64166572821521,-122.139691654468,127.69291687011719
2025-09-08 14:30:35,47.641662799765825,-122.13968022342785,127.74345397949219
2025-09-08 14:30:41,47.64166137183534,-122.13967429652605,127.89042663574219
2025-09-08 14:30:48,47.641659066682,-122.13966747025327,128.00588989257812
2025-09-14 17:10:59,3.2424514293670654,0.02856741100549698,-0.8807365298271179
2025-09-14 17:11:12,41.099220275878906,-2.7241368293762207,-3.726168394088745
2025-09-14 17:11:13,42.3675537109375,-3.5630130767822266,-3.702282428741455
2025-09-14 17:11:16,41.70087432861328,-3.860186815261841,-5.017621994018555
2025-09-14 17:11:17,42.78921127319336,-4.4514689445495605,-4.922665119171143
2025-09-14 17:11:20,42.88942337036133,-4.681360721588135,-6.250584602355957
2025-09-14 17:11:22,43.37883377075195,-5.494745254516602,-6.078792572021484
2025-09-14 17:11:23,41.22639083862305,-5.662857532501221,-6.182193756103516
2025-09-14 17:11:24,40.95504379272461,-4.391650676727295,-6.146636962890625
2025-09-14 17:11:29,41.506492614746094,-4.9925384521484375,-6.141605377197266
2025-09-14 17:11:31,41.69987487792969,-4.464876174926758,-6.140039920806885
2025-09-14 17:11:33,45.23339080810547,-4.8048319816589355,-7.065309047698975
2025-09-14 17:11:36,48.447471618652344,-5.863840579986572,-8.07634449005127
2025-09-14 17:11:49,50.22762680053711,-6.688747882843018,-9.042658805847168
2025-09-14 17:11:50,50.53721618652344,-6.869345664978027,-9.041842460632324
2025-09-14 17:11:52,50.40202331542969,-7.122164726257324,-9.041414260864258
2025-09-14 17:11:53,50.20282745361328,-7.020474433898926,-9.041035652160645
2025-09-14 17:11:55,50.33946228027344,-6.861372470855713,-9.040853500366211
2025-09-14 17:11:56,50.401466369628906,-6.9795074462890625,-9.040770530700684
2025-09-14 17:11:58,50.312347412109375,-7.016842365264893,-9.040728569030762
2025-09-14 17:11:59,50.290557861328125,-6.937395095825195,-9.040696144104004
2025-09-14 17:12:01,50.344573974609375,-6.9294819831848145,-9.040682792663574
2025-09-14 17:12:02,50.35304260253906,-6.9715704917907715,-9.040677070617676
2025-09-14 17:12:06,58.07538604736328,-7.029362201690674,-10.252137184143066
2025-09-14 17:13:04,109.98529815673828,-10.07790470123291,-0.32658126950263977
2025-09-14 17:13:06,109.98529815673828,-10.07790470123291,-0.3301032781600952
2025-09-14 17:13:07,109.98529815673828,-10.07790470123291,-0.3416759967803955
2025-09-14 17:13:09,109.98529815673828,-10.07790470123291,-0.34604117274284363
2025-09-14 17:13:10,109.98529815673828,-10.07790470123291,-0.3470626473426819
2025-09-14 17:13:11,109.98529815673828,-10.07790470123291,-0.34735116362571716
2025-09-14 17:13:13,109.98529815673828,-10.07790470123291,-0.34743908047676086
2025-09-14 17:13:14,109.98529815673828,-10.07790470123291,-0.34745827317237854
2025-09-14 17:13:16,109.98529815673828,-10.07790470123291,-0.3474622368812561
2025-09-14 17:13:17,109.98529815673828,-10.07790470123291,-0.3474622368812561
2025-09-14 17:13:18,109.98529815673828,-10.07790470123291,-0.3474622368812561
2025-09-14 17:13:20,109.98529815673828,-10.07790470123291,-0.3474622368812561
2025-09-14 17:13:21,109.98529815673828,-10.07790470123291,-0.3474622368812561
2025-09-14 17:13:23,109.98529815673828,-10.07790470123291,-0.3474622368812561
2025-09-14 17:13:24,109.98529815673828,-10.07790470123291,-0.3474622368812561
2025-09-14 17:13:25,109.98529815673828,-10.07790470123291,-0.3474622368812561
2025-09-14 17:13:27,109.98529815673828,-10.07790470123291,-0.3474622368812561
2025-09-14 17:13:28,109.98529815673828,-10.07790470123291,-0.3474622368812561
2025-09-14 17:13:30,109.98529815673828,-10.07790470123291,-0.3474622368812561
2025-09-14 17:13:31,109.98529815673828,-10.07790470123291,-0.3474622368812561
2025-09-14 17:13:33,109.98529815673828,-10.07790470123291,-0.3474622368812561
2025-09-14 17:13:34,109.98529815673828,-10.07790470123291,-0.3474622368812561
2025-09-14 17:13:36,109.98529815673828,-10.07790470123291,-0.3474622368812561
2025-09-14 17:13:37,109.98529815673828,-10.07790470123291,-0.3474622368812561
2025-09-14 17:13:39,109.98529815673828,-10.07790470123291,-0.3474622368812561
2025-09-14 17:13:40,109.98529815673828,-10.07790470123291,-0.3474622368812561
2025-09-14 17:13:41,109.98529815673828,-10.07790470123291,-0.3474622368812561
2025-09-14 17:13:43,109.98529815673828,-10.07790470123291,-0.3474622368812561
2025-09-14 17:13:44,109.98529815673828,-10.07790470123291,-0.3474622368812561
2025-09-14 17:13:46,109.98529815673828,-10.07790470123291,-0.3474622368812561
2025-09-14 17:13:47,109.98529815673828,-10.07790470123291,-0.3474622368812561
2025-09-14 17:13:49,109.98529815673828,-10.07790470123291,-0.3474622368812561
2025-09-14 17:13:50,109.98529815673828,-10.07790470123291,-0.3474622368812561
2025-09-14 17:13:52,109.98529815673828,-10.07790470123291,-0.3474622368812561
2025-09-14 17:13:57,112.08256530761719,-10.093297958374023,-1.218421220779419
2025-09-14 17:13:58,112.48235321044922,-9.984737396240234,-1.2117173671722412
2025-09-14 17:14:03,119.96782684326172,-10.02048397064209,-2.510033369064331
2025-09-14 17:14:04,120.7589111328125,-9.28726577758789,-2.409475088119507
2025-09-14 17:14:07,121.03775787353516,-9.783781051635742,-3.7793164253234863
2025-09-14 17:14:09,120.18070983886719,-8.821194648742676,-3.5458450317382812
2025-09-14 17:14:11,118.70745086669922,-9.60302448272705,-3.606470823287964
2025-09-14 17:14:13,119.8563461303711,-10.232666969299316,-3.59190034866333
2025-09-14 17:14:16,123.10494232177734,-9.267196655273438,-4.715519905090332
2025-09-14 17:14:46,127.83036041259766,-8.39264965057373,-0.21255120635032654
2025-09-14 17:14:47,127.83036041259766,-8.39264965057373,-0.21852317452430725
2025-09-14 17:14:49,127.83036041259766,-8.39264965057373,-0.23081907629966736
2025-09-14 17:14:50,127.83036041259766,-8.39264965057373,-0.2337682545185089
2025-09-14 17:14:52,127.83036041259766,-8.39264965057373,-0.23458856344223022
2025-09-14 17:14:53,127.83036041259766,-8.39264965057373,-0.2348274141550064
2025-09-14 17:14:55,127.83036041259766,-8.39264965057373,-0.2348983734846115
2025-09-14 17:14:56,127.83036041259766,-8.39264965057373,-0.23491206765174866
2025-09-14 17:14:58,127.83036041259766,-8.39264965057373,-0.23491597175598145
2025-09-14 17:14:59,127.83036041259766,-8.39264965057373,-0.23491597175598145
2025-09-14 17:15:01,127.83036041259766,-8.39264965057373,-0.23491597175598145
2025-09-14 17:15:02,127.83036041259766,-8.39264965057373,-0.23491597175598145
2025-09-14 17:15:06,131.06591796875,-8.395964622497559,-1.2269775867462158
2025-09-14 17:15:07,131.3712158203125,-7.919265270233154,-1.0848678350448608
2025-09-14 17:15:09,129.21434020996094,-8.094693183898926,-1.201402187347412
2025-09-14 17:15:10,130.0273895263672,-8.775485038757324,-1.1453875303268433
2025-09-14 17:15:22,161.2407989501953,-7.581016540527344,-4.1044111251831055
2025-09-14 17:15:24,161.30882263183594,-7.067166805267334,-3.9302024841308594
2025-09-14 17:15:27,162.63343811035156,-7.8559489250183105,-5.101622581481934
2025-09-14 17:15:29,161.68125915527344,-7.299395561218262,-4.944952487945557
2025-09-14 17:15:31,160.7147216796875,-7.900148391723633,-4.969142436981201
2025-09-14 17:15:32,161.61895751953125,-8.021833419799805,-4.9642415046691895
2025-09-14 17:15:34,161.37124633789062,-7.6382575035095215,-4.9540605545043945
2025-09-14 17:15:48,165.12501525878906,-7.79556131362915,-6.11209774017334
2025-09-14 17:15:50,164.09104919433594,-7.378472328186035,-5.816564083099365
2025-09-14 17:15:52,163.0637664794922,-7.991461277008057,-5.8583173751831055
2025-09-14 19:11:39,47.64158882235702,-122.13995082008113,120.63599395751953
2025-09-14 19:11:42,47.6415876345122,-122.13994938193868,120.2861328125
2025-09-14 19:11:44,47.6415876345122,-122.13994938193868,120.2861328125
2025-09-14 19:11:46,47.6415876345122,-122.13994938193868,120.2861328125
2025-09-14 19:11:49,47.6415876345122,-122.13994938193868,120.2861328125
2025-09-14 19:11:51,47.6415876345122,-122.13994938193868,120.2861328125
2025-09-14 19:11:54,47.6415876345122,-122.13994938193868,120.2861328125
2025-09-14 19:11:56,47.6415876345122,-122.13994938193868,120.2861328125
2025-09-14 19:11:58,47.6415876345122,-122.13994938193868,120.2861328125
2025-09-14 19:12:06,47.6415876345122,-122.13994938193868,120.2861328125
2025-09-14 19:12:10,47.6415876345122,-122.13994938193868,120.2861328125
2025-09-14 19:12:12,47.6415876345122,-122.13994938193868,120.2861328125
2025-09-14 19:12:18,47.6415876345122,-122.13994938193868,120.2861328125
2025-09-14 19:12:20,47.6415876345122,-122.13994938193868,120.2861328125
2025-09-14 19:12:23,47.6415876345122,-122.13994938193868,120.2861328125
2025-09-14 19:12:25,47.6415876345122,-122.13994938193868,120.2861328125
2025-09-14 19:12:28,47.6415876345122,-122.13994938193868,120.2861328125
2025-09-14 19:12:31,47.6415876345122,-122.13994938193868,120.2861328125
2025-09-14 19:12:33,47.6415876345122,-122.13994938193868,120.2861328125
2025-09-14 19:12:36,47.6415876345122,-122.13994938193868,120.2861328125
2025-09-14 19:12:38,47.6415876345122,-122.13994938193868,120.2861328125
2025-09-14 19:12:41,47.6415876345122,-122.13994938193868,120.2861328125
2025-09-14 19:12:43,47.6415876345122,-122.13994938193868,120.2861328125
2025-09-14 19:12:46,47.6415876345122,-122.13994938193868,120.2861328125
2025-09-14 19:12:49,47.6415876345122,-122.13994938193868,120.2861328125
2025-09-14 19:12:51,47.6415876345122,-122.13994938193868,120.2861328125
2025-09-14 19:12:54,47.6415876345122,-122.13994938193868,120.2861328125
2025-09-14 19:12:56,47.6415876345122,-122.13994938193868,120.2861328125
2025-09-14 19:12:59,47.6415876345122,-122.13994938193868,120.2861328125
2025-09-14 19:13:02,47.6415876345122,-122.13994938193868,120.2861328125
2025-09-14 19:13:05,47.6415876345122,-122.13994938193868,120.2861328125
2025-09-14 19:13:07,47.6415876345122,-122.13994938193868,120.2861328125
2025-09-14 19:13:10,47.6415876345122,-122.13994938193868,120.2861328125
2025-09-14 19:13:13,47.6415876345122,-122.13994938193868,120.2861328125
2025-09-14 19:13:16,47.6415876345122,-122.13994938193868,120.2861328125
2025-09-14 19:13:19,47.6415876345122,-122.13994938193868,120.2861328125
2025-09-14 19:13:22,47.6415876345122,-122.13994938193868,120.2861328125
2025-09-14 19:13:24,47.6415876345122,-122.13994938193868,120.2861328125
2025-09-14 19:13:27,47.6415876345122,-122.13994938193868,120.2861328125
2025-09-14 19:13:29,47.6415876345122,-122.13994938193868,120.2861328125
2025-09-14 19:13:32,47.6415876345122,-122.13994938193868,120.2861328125
2025-09-14 19:13:35,47.6415876345122,-122.13994938193868,120.2861328125
2025-09-14 19:13:37,47.6415876345122,-122.13994938193868,120.2861328125
2025-09-14 19:13:40,47.6415876345122,-122.13994938193868,120.2861328125
2025-09-14 19:13:42,47.6415876345122,-122.13994938193868,120.2861328125
2025-09-14 19:13:45,47.6415876345122,-122.13994938193868,120.2861328125
2025-09-14 19:13:47,47.6415876345122,-122.13994938193868,120.2861328125
2025-09-14 19:13:50,47.6415876345122,-122.13994938193868,120.2861328125
2025-09-14 19:13:53,47.6415876345122,-122.13994938193868,120.2861328125
2025-09-14 19:13:55,47.6415876345122,-122.13994938193868,120.2861328125
2025-09-14 19:13:58,47.6415876345122,-122.13994938193868,120.2861328125
2025-09-14 19:14:01,47.6415876345122,-122.13994938193868,120.2861328125
2025-09-14 19:14:04,47.6415876345122,-122.13994938193868,120.2861328125
2025-09-14 19:14:06,47.6415876345122,-122.13994938193868,120.2861328125
2025-09-14 19:14:09,47.6415876345122,-122.13994938193868,120.2861328125
2025-09-14 19:14:12,47.6415876345122,-122.13994938193868,120.2861328125
2025-09-14 19:14:15,47.6415876345122,-122.13994938193868,120.2861328125
2025-09-14 19:14:17,47.6415876345122,-122.13994938193868,120.2861328125
2025-09-14 19:14:20,47.6415876345122,-122.13994938193868,120.2861328125
2025-09-14 19:14:23,47.6415876345122,-122.13994938193868,120.2861328125
2025-09-14 19:14:26,47.6415876345122,-122.13994938193868,120.2861328125
2025-09-14 19:14:29,47.6415876345122,-122.13994938193868,120.2861328125
2025-09-14 19:14:33,47.6415876345122,-122.13994938193868,120.2861328125
2025-09-14 19:14:36,47.6415876345122,-122.13994938193868,120.2861328125
2025-09-14 19:14:38,47.6415876345122,-122.13994938193868,120.2861328125
2025-09-14 19:14:41,47.6415876345122,-122.13994938193868,120.2861328125
2025-09-14 19:14:44,47.6415876345122,-122.13994938193868,120.2861328125
2025-09-14 19:14:47,47.6415876345122,-122.13994938193868,120.2861328125
2025-09-14 19:14:50,47.6415876345122,-122.13994938193868,120.2861328125
2025-09-14 19:14:53,47.6415876345122,-122.13994938193868,120.2861328125
2025-09-14 19:14:55,47.6415876345122,-122.13994938193868,120.2861328125
2025-09-14 19:14:58,47.6415876345122,-122.13994938193868,120.2861328125
2025-09-14 19:15:01,47.6415876345122,-122.13994938193868,120.2861328125
2025-09-14 19:15:04,47.6415876345122,-122.13994938193868,120.2861328125
2025-09-14 19:15:25,47.641585737220524,-122.13994708503536,120.69529724121094
2025-09-14 19:15:30,47.64158432801235,-122.13994537889596,120.28407287597656
2025-09-14 19:15:34,47.64158432801235,-122.13994537889596,120.28407287597656
2025-09-14 19:15:37,47.64158432801235,-122.13994537889596,120.28407287597656
2025-09-14 19:15:39,47.64158432801235,-122.13994537889596,120.28407287597656
2025-09-14 19:15:42,47.64158432801235,-122.13994537889596,120.28407287597656
2025-09-14 19:16:16,47.64158235392828,-122.13994298901397,120.66630554199219
2025-09-14 19:16:21,47.64158103659131,-122.1399413940789,120.28435516357422
2025-09-14 19:20:23,47.641555321657734,-122.14001575375967,121.758056640625
2025-09-14 19:20:34,47.64164055195515,-122.1398789057069,121.66533660888672
2025-09-14 19:20:37,47.6416541281957,-122.13986471101352,121.82179260253906
2025-09-14 19:20:39,47.64166655550703,-122.1398525991145,121.95768737792969
2025-09-14 19:20:41,47.64167902273369,-122.13983981483334,122.0884017944336
2025-09-14 19:20:44,47.64169154345336,-122.13982966979506,122.24658966064453
2025-09-14 19:20:47,47.64170389366531,-122.13981727790417,122.38558197021484
2025-09-14 19:20:49,47.641716247271646,-122.1398047392418,122.52098083496094
2025-09-14 19:20:52,47.641728772240135,-122.13979445323646,122.68226623535156
2025-09-14 19:20:54,47.64174092096443,-122.13978182661243,122.81910705566406
2025-09-14 19:20:58,47.64176340345188,-122.13975187539286,122.95043182373047
2025-09-14 19:21:01,47.64177708916538,-122.13973643134811,123.08187866210938
2025-09-14 19:21:04,47.64178954548141,-122.13972386902006,123.22477722167969
2025-09-14 19:21:06,47.64180216782097,-122.1397122340393,123.38459777832031
2025-09-14 19:21:09,47.64181434059862,-122.13969903092718,123.5245132446289
2025-09-14 19:21:11,47.64182652740461,-122.13968525820778,123.65911102294922
2025-09-14 19:21:14,47.6418391773229,-122.13967361554543,123.82129669189453
2025-09-14 19:21:18,47.64186044234776,-122.13964019756543,123.92864990234375
2025-09-14 19:21:24,47.641893021860376,-122.1395809975906,123.99488830566406
2025-09-14 19:21:26,47.64190755731612,-122.13956543192614,124.14985656738281
2025-09-14 19:21:29,47.641919446708506,-122.13955144741111,124.28534698486328
2025-09-14 19:21:32,47.641931582193244,-122.13953636389014,124.42073822021484
2025-09-14 19:21:37,47.64196188791964,-122.13948024819078,124.50890350341797
2025-09-14 19:21:40,47.64197553500898,-122.13946219207837,124.64095306396484
2025-09-14 19:21:43,47.64198822555494,-122.13945063619877,124.81133270263672
2025-09-14 19:21:47,47.64200812004186,-122.13941465708113,124.9122085571289
2025-09-14 19:27:37,47.641477398510276,-122.140148468718,122.56086730957031
2025-09-14 19:27:40,47.64150026350473,-122.14013863977767,123.34843444824219
2025-09-14 19:27:43,47.641524567980255,-122.14012345728179,124.1544189453125
2025-09-14 19:27:45,47.64154964931305,-122.14010288186408,124.90045166015625
2025-09-14 19:27:51,47.64161881783509,-122.14000557372482,125.95538330078125
2025-09-14 19:27:54,47.641647698189864,-122.13998068042933,126.66030883789062
2025-09-14 19:27:58,47.64169332954973,-122.13991989226645,127.58460998535156
2025-09-14 19:28:06,47.641803075478315,-122.13972588269633,128.8704833984375
2025-09-14 19:28:10,47.641849366040894,-122.13964889369866,129.6651611328125
2025-09-14 19:28:14,47.64189367974099,-122.13957157898984,130.46389770507812
2025-09-15 12:35:51,47.641568731127215,-122.13999455343614,123.14842987060547
2025-09-15 12:35:55,47.64161793602014,-122.13994089487171,124.17417907714844
2025-09-15 12:35:58,47.641646121220674,-122.13992146378455,124.96078491210938
2025-09-15 12:36:01,47.64167173140387,-122.13989801133276,125.73255157470703
2025-09-15 12:36:04,47.641696245177556,-122.13987626748796,126.44696044921875
2025-09-15 12:36:08,47.641715734326304,-122.13987697087043,127.43089294433594
2025-09-15 12:36:13,47.64177986673653,-122.13976798550092,128.3543701171875
2025-09-15 12:36:16,47.64180905332662,-122.13973927862679,129.05706787109375
2025-09-15 12:36:20,47.6418520153146,-122.13967075763156,129.8782958984375
2025-09-15 12:36:24,47.64189734498879,-122.1395919588624,130.63726806640625
2025-09-15 12:37:00,47.64219107824986,-122.13891309247052,133.93075561523438
2025-09-15 12:43:42,47.64152007329231,-122.14007801655823,122.88247680664062
2025-09-15 12:43:50,47.6416386627433,-122.13988969685916,124.07307434082031
2025-09-15 12:43:53,47.641667504290346,-122.13986397214501,124.77745819091797
2025-09-15 12:43:56,47.64169225485114,-122.13983717349402,125.46418762207031
2025-09-15 12:43:58,47.641717377546456,-122.13980813312567,126.14283752441406
2025-09-15 12:44:05,47.64180048809951,-122.13965243428991,127.23666381835938
2025-09-15 12:44:09,47.64184509629133,-122.13957284776642,128.01712036132812
2025-09-15 12:44:13,47.64188941338139,-122.13949557294558,128.84580993652344
2025-09-15 12:44:17,47.64193011512319,-122.13940973707034,129.56405639648438
2025-09-15 12:47:39,47.64156748136279,-122.13999519639155,122.98262786865234
2025-09-15 12:47:42,47.64159613416971,-122.13996450681485,123.61730194091797
2025-09-15 12:47:44,47.641622112659064,-122.13994102261334,124.34158325195312
2025-09-15 12:47:47,47.64164676945854,-122.13991310489112,124.99974822998047
2025-09-15 12:47:50,47.64169151522101,-122.13984469783867,125.79544830322266
2025-09-15 12:47:53,47.64171952544175,-122.13981096130276,126.45288848876953
2025-09-15 12:47:56,47.64174404253821,-122.13977895069746,127.11600494384766
2025-09-15 12:47:58,47.64176881910554,-122.1397482887818,127.7999038696289
2025-09-15 12:48:01,47.64179229705012,-122.13971197719836,128.44480895996094
2025-09-15 12:48:04,47.6418316759614,-122.1396326103629,129.20924377441406
2025-09-15 12:48:09,47.64187362019796,-122.13955039899884,130.0019073486328
2025-09-15 15:26:12,47.64150189997561,-122.14011672207646,123.10331726074219
2025-09-15 15:26:23,47.64157903838085,-122.14001537974097,125.29195404052734
2025-09-15 15:26:29,47.6415802473439,-122.14001237988647,126.16336822509766
2025-09-15 15:26:40,47.64165052024144,-122.13990903061244,128.10841369628906
2025-09-15 15:26:47,47.641677521909095,-122.13988048535032,129.48892211914062
2025-09-15 15:26:54,47.64167551315382,-122.13987742382734,130.27349853515625
2025-09-15 15:27:07,47.6417767777466,-122.13974562373176,132.84616088867188
2025-09-15 15:27:13,47.641772097150984,-122.13973892563847,133.55853271484375
2025-09-15 15:27:19,47.64176930121591,-122.13973762035303,134.30227661132812
2025-09-17 22:10:50,47.64149912263764,-122.14011566660223,122.91805267333984
2025-09-17 22:11:00,47.641611883263224,-122.13996698969166,124.97509765625
2025-09-17 22:11:06,47.64161339590559,-122.13997159235628,125.82953643798828
2025-09-17 22:11:09,47.64163715708867,-122.13996135141066,126.7798843383789
2025-09-17 22:11:13,47.64165454788823,-122.13996169189078,127.78756713867188
2025-09-17 22:11:17,47.64167156008076,-122.13996234954743,128.7689666748047
2025-09-17 22:11:21,47.64168615929965,-122.13996462399692,129.75640869140625
2025-09-17 22:11:25,47.6417000238137,-122.13996640300832,130.76507568359375
2025-09-17 22:11:32,47.641763451784236,-122.13990844610858,132.26747131347656
2025-09-17 22:18:36,47.641583611698884,-122.13999679743127,124.31806945800781
2025-09-17 22:18:40,47.64160200832113,-122.1399973745941,125.11719512939453
2025-09-17 22:18:49,47.64167487549136,-122.13990147130778,126.47303771972656
2025-09-17 22:18:55,47.64170653416681,-122.13987613160312,127.51447296142578
2025-09-17 22:45:39,47.641538471741065,-122.14005998558997,123.00907135009766
2025-09-17 22:45:42,47.64156079499675,-122.14004675169923,123.66071319580078
2025-09-17 22:45:46,47.64157613208387,-122.14004808499406,124.46654510498047
2025-09-17 22:45:52,47.64163507214551,-122.13996668540776,125.25397491455078
2025-09-17 22:46:00,47.64171931341044,-122.13984885000588,126.21137237548828
2025-09-17 22:46:04,47.64174026266166,-122.13984787111384,126.96874237060547
2025-09-17 22:46:07,47.641760876967155,-122.13983517658258,127.67305755615234
2025-09-17 22:46:11,47.64178028028837,-122.13982965774791,128.41827392578125
2025-09-17 22:46:14,47.64180113006408,-122.13981633339185,129.08975219726562
2025-09-17 22:46:17,47.641820535091036,-122.13981113247547,129.8466796875
2025-09-17 22:46:34,47.64202578622521,-122.13944820105529,131.0653076171875
2025-09-18 14:09:30,47.64153556669474,-122.14005350060232,122.8421859741211
2025-09-18 14:09:34,47.64155775192732,-122.14004904466827,123.62278747558594
2025-09-18 14:09:42,47.64155535120559,-122.14002489756172,123.92704772949219
2025-09-18 14:09:46,47.6415729491297,-122.14002614255158,124.74173736572266
2025-09-18 14:09:51,47.64160531652169,-122.13999790791388,125.76799774169922
2025-09-18 14:09:55,47.641622384039536,-122.13999979288687,126.5821304321289
2025-09-18 14:09:59,47.641637725500864,-122.1399990127196,127.38426971435547
2025-09-18 14:10:03,47.64165005007842,-122.14000090477744,128.1931915283203
2025-09-18 14:10:07,47.64166510794901,-122.14000033908658,129.00462341308594
2025-09-18 14:10:45,47.64198812956195,-122.13957676215132,131.42564392089844
2025-09-18 14:10:49,47.64198807086186,-122.13957719859225,131.41543579101562
2025-09-18 14:10:56,47.64198099751457,-122.13955787719624,131.6067657470703
2025-09-18 14:11:13,47.64184038691904,-122.13923995778404,133.41864013671875
2025-09-18 14:11:17,47.64181430424683,-122.13922026459701,134.0957489013672
2025-09-18 14:11:21,47.64179264015748,-122.13920868516286,134.82997131347656
2025-09-18 14:11:26,47.641757489585565,-122.13915724359697,135.67056274414062
2025-09-18 14:11:37,47.64166288592003,-122.13892712772608,136.84686279296875
2025-09-18 14:11:42,47.64162428584265,-122.13886723239395,137.6392059326172
2025-09-18 14:11:46,47.641599193287966,-122.13883958766831,138.26846313476562
2025-09-18 14:44:47,47.641557156221765,-122.14001852895261,123.08906555175781
2025-09-18 14:44:54,47.64159251111397,-122.13998970225133,124.06527709960938
2025-09-18 14:44:58,47.64161098892137,-122.13999112498998,124.86995697021484
2025-09-18 14:45:05,47.641667284646076,-122.13992516045926,125.97377014160156
2025-09-18 14:45:09,47.64168237292565,-122.1399290794376,126.81498718261719
2025-09-18 14:45:13,47.641697598071104,-122.13992870458955,127.60281372070312
2025-09-18 14:45:17,47.64171197838203,-122.1399292198595,128.4141082763672
2025-09-18 14:45:23,47.641743174527335,-122.13990382560768,129.38479614257812
2025-09-18 14:45:27,47.64175687129188,-122.13990763960726,130.2064208984375
2025-09-18 15:33:12,47.6414948590086,-122.14012230903542,122.6656494140625
2025-09-18 15:33:23,47.64159043048285,-122.13999313066307,124.0746078491211
2025-09-18 15:33:31,47.64164628238455,-122.13993076054241,125.18378448486328
2025-09-18 15:33:34,47.641666625163424,-122.13992968831772,125.9366455078125
2025-09-18 15:33:40,47.6417009756748,-122.13989813416447,126.92308044433594
2025-09-18 15:33:44,47.64171998957448,-122.13989830592078,127.73904418945312
2025-09-18 15:33:48,47.64173525113124,-122.1398977708234,128.5399169921875
2025-09-18 15:33:52,47.64174673225581,-122.13990040428344,129.3381805419922
2025-09-18 15:33:56,47.64176162554776,-122.13990021209013,130.13546752929688
2025-09-18 15:35:07,47.64185557827746,-122.13928364710576,134.9307098388672
2025-10-25 13:26:39,47.64147468708861,-122.14015325007684,125.46277618408203
2025-10-25 13:26:42,47.6414950865566,-122.14014523523355,126.1382827758789
2025-10-25 13:26:47,47.64150233813057,-122.14014959778974,126.90411376953125
2025-10-25 13:26:50,47.64152219759017,-122.14013910880739,127.61064147949219
2025-10-25 13:26:57,47.641605138767865,-122.14003164257294,128.49542236328125
2025-10-25 13:27:00,47.64162893791986,-122.1400236453665,129.19900512695312
2025-10-25 13:27:03,47.6416489931504,-122.14001382360912,129.89808654785156
2025-10-25 13:27:08,47.64168563756854,-122.13998159320776,130.79762268066406
2025-10-25 13:27:11,47.64170934015017,-122.13997123157908,131.4700469970703
2025-10-25 13:35:55,47.641493575489136,-122.1401216536872,122.50972747802734
2025-10-25 13:35:59,47.6415166957307,-122.14011156040988,123.17849731445312
2025-10-25 13:36:02,47.64153575956194,-122.14010608536474,123.931884765625
2025-10-25 13:36:09,47.64161594108122,-122.13999539205145,124.82762908935547
